id,parent_id,maker,brand_name,kana_name,opening_stock,delivery_price,usage_unit,purchase_unit,supplier_id,jan_code,child_memo,is_active
1,P-0001,アステラス製薬,アネキセート注射液0.5mg 5A,アネキセートチュウシャエキ,1,9095,箱,箱,1,,返品不可,true
2,P-0002,大塚製薬,アミノフリード輸液 20袋,アミノフリードユエキ,0,9270,箱,箱,1,,,true
4,P-0003,武田薬品,ペチジン注射液35mg 3.5% 10A,ペチジンユウウシャエキ,1,3100,箱,10A,1,,,true
5,P-0004,大塚製薬,生食水100ｍｌ 10本,セイショクスイ,2,1336,箱,箱,1,,,true
6,P-0004,大塚製薬,生食水20ｍｌ 50A,セイショクスイ,1,4727,箱,箱,1,,,true
7,P-0004,大塚製薬,生食水250ｍｌ 20袋,セイショクスイ,0,3207,箱,箱,1,,,true
8,P-0004,大塚製薬,生食水500ｍｌ 20袋,セイショクスイ,1,4205,箱,箱,1,,,true
9,P-0005,ファイザー,ソルコーテフ100注 5V,ソルコーテフ,0,1207,箱,箱,1,,,true
10,P-0005,ファイザー,ソルコーテフ500注 5V,ソルコーテフ,0,5000,箱,箱,1,,,true
11,P-0006,第一三共,ナロキソン塩酸塩静注0.2mg 1ml 10A,ナロキソンエンサンエンジョウチュウ,1,8253,箱,箱,1,,,true
12,P-0007,不明,ハンドジェル 500ｍｌ,ハンドジェル,0,980,本,本,1,,,true
13,P-0008,大塚製薬,ブドウ糖液5％ 100ml 10本,ブドウトウエキ,1,1473,箱,箱,1,,,true
14,P-0009,丸石製薬,ホリゾン注 10mg 10A,ホリゾンチュウ,2,739,箱,箱,1,,,true
15,P-0010,大和工場,ラキュリーＱ（Sﾀｲﾌﾟ） 300枚,ラキュリーキューエス,0,4700,袋,袋,1,,ガーゼ 2110円から値上げ,true
16,P-0011,扶桑薬品工業,ラクトリンゲル 500ml 20袋,ラクトリンゲル,0,2370,箱,箱,1,,,true
17,P-0012,サノフィ,ラシックス注 20mg 50A,ラシックスチュウ,0,2761,箱,箱,1,,,true
18,P-0013,不明,水痘ワクチン,スイトウワクチン,5,4250,V,V,1,,,true
19,P-0014,田辺三菱,二種混合ワクチン,ニシュコンゴウワクチン,1,2450,V,V,1,,DTビック,true
20,P-0015,武田薬品,日本脳炎ワクチン ジェービック,ニホンノウエンワクチン,0,2980,V,V,1,,ジェービック,true
21,P-0016,武田薬品,風疹ワクチン,フウシンワクチン,0,2810,V,V,1,,,true
22,P-0017,アステラス,B肝ワクチン0.5ml 大人用 ﾋﾞｰﾑｹﾞﾝ,ビーガタカンエンワクチン,1,2204,V,V,1,,ビームゲン,true
23,P-0018,三和化学,感熱記録紙 3個入,カンネツキロクシ,0,588,箱,箱,2,,,true
27,P-0019,ニプロ,アトロピン0.5mg 1ml 10A,アトロピン,0,844,箱,箱,1,,,true
28,P-0020,大塚製薬,アミノレバン点滴200ml 20袋,アミノレバンテンテキ,0,7628,箱,箱,2,,,true
29,P-0021,KENZ,ECGｸﾘｰﾑ70ｇ×2本,イーシージークリーム,0,700,箱,箱,2,,１箱２本入り,true
30,P-0022,J＆J,ウルトラランセット,ウルトラランセット,0,441,箱,箱,2,,,true
31,P-0023,吉田製薬,エコ消エタ 10L,エコショウエタ,1,5753,箱,箱,2,,,true
32,P-0024,テルモ,アドレナリン注0.1% 10本,アドレナリンチュウ,1,3219,箱,箱,2,,１診に１本常備,true
34,P-0025,ファイザー,エピペン 0.3 大人用,エピペンオトナヨウ,1,8561,本,本,2,,2本常備,true
35,P-0026,ファイザー,エピペン 0.15 小児用,エピペンショウニヨウ,1,8784,本,本,2,,,true
36,P-0027,KENZ,紙バン 9mm×10m 24個,カミバン,1,777,箱,箱,2,,,true
37,P-0028,キッセイ薬品,ガスコンドロップ内用液300ml,ガスコンドロップ,3,949,本,本,2,,,true
38,P-0029,アストラゼネカ,キシロカイン注2％ 10A,キシロカインチュウ,0,853,箱,箱,2,,リドカイン,true
39,P-0030,EAファーマ,強力ネオミノファーゲンシーP 30A,キョウリョクネオミノファーゲンシー,1,3287,箱,箱,1,,,true
40,P-0031,アストラゼネカ,キシロカインポンプスプレー8%80g,キシロカインポンプスプレー,2,2304,本,本,2,,,true
42,P-0032,J&J,クイックセンサー,クイックセンサー,0,2294,個,個,2,,,true
44,P-0033,EAファーマ,グルカゴンGノボ1mg 1V,グルカゴンジーノボ,2,2187,V,V,2,,エーザイから販売移管,true
45,P-0034,ニプロ,ＦＳ血糖センサーライト 25枚入り,グルテストセンサー,0,2294,箱,個,2,,,true
46,P-0035,エーザイ,ケイツーN静注用10mg 10A,ケイツーエヌジョウチュウヨウ,0,584,箱,箱,2,,,true
47,P-0036,三和化学,U-テストビジュアル７ 検尿試験紙 100入,ユーテストビジュアルケンニョウシケンシ,1,4900,箱,箱,2,,１００枚入り,true
48,P-0037,ＫＥＮＺ,サージカルテープ 12mm×10m 24個,サージカルテープ,0,2086,箱,箱,2,,,true
50,P-0038,日本新薬,シアリス20mg 20T,シアリス,0,24500,錠,20錠,1,,,true
51,P-0039,KENZ,ジェルケアプラス,ジェルケアプラス,0,1130,本,本,2,,,true
52,P-0040,丸石製薬,ソセゴン注15mg 10A,ソセゴン,12,809,箱,箱,2,,,true
53,P-0041,テルモ,ソルデム3A輸液 200ml 30袋,ソルデム,1,5400,箱,箱,1,,,true
54,P-0042,イワキ,ノルニチカミン注 50A,ノルニチカミン,0,2583,箱,箱,1,,,true
57,P-0043,第一三共,トランサミン 10A,トランサミン,0,589,箱,箱,2,,,true
58,P-0044,三和化学,トロップT センシティブ 5本,トロップティーセンシティブ,1,5053,箱,5本,2,,冷蔵庫,true
59,P-0045,ロート製薬,ナノトラップFlu A・B 10本入,ナノトラップ,0,7500,箱,箱,2,,,true
62,P-0046,吉田製薬,ネオ消アル ヨシダ 10L,ネオショウアルヨシダ,1,6182,箱,箱,1,,,true
63,P-0047,エーザイ,ネオフィリン注250ml 10A,ネオフィリン,0,853,箱,箱,2,,,true
64,P-0048,ファイザー,バイアグラ50mg 20錠,バイアグラ,0,20500,錠,20錠,1,,,true
65,P-0049,ゼリア新薬,ビジクリア配合錠 250錠,ビジクリアハイゴウジョウ,0,12536,錠,250錠,2,,1回当り50錠使用,true
66,P-0050,三和化学,ブラッドランセット,ブラッドランセット,0,375,箱,箱,2,,,true
67,P-0051,日医工,フェジン40mg2ml 10A,フェジン,2,1154,箱,箱,1,,,true
68,P-0052,日医工,プリンペラン注10mg 50A,プリンペラン,1,2717,箱,箱,1,,,true
69,P-0053,大塚製薬,ヘリコチェック 30テスト,ヘリコチェック,1,13500,箱,箱,2,,,true
70,P-0054,大塚製薬,ポタコールR 500ｍｌ 20袋,ポタコール,1,4971,箱,箱,1,,,true
71,P-0055,吉田製薬,ポピヨドン液10% 250ml,ポピヨドンエキ,0,500,本,本,2,,,true
72,P-0056,ベクトンディッキンソン,マイクロファイン 32G 4mm 5袋入 70本,マイクロファイン,1,1227,箱,箱,1,,,true
73,P-0057,エーザイ,メチコバール注500µg1ml 10A,メチコバールチュウ,1,907,箱,箱,2,,,true
74,P-0058,テルモ,メディセーフチップ ＧＣ３０,メディセーフチップ,0,2400,箱,箱,1,,,true
75,P-0059,テルモ,メディセーフ針,メディセーフハリ,0,435,箱,箱,1,,翔薬 364円,true
77,P-0060,大塚製薬,ユービット錠 100mg 2錠,ユービットジョウ,1,4785,箱,箱,2,,,true
78,P-0061,ファイザー,ユナシンSキット静注用3g 10キット,ユナシンエスキット,0,10627,箱,箱,2,,,true
79,P-0062,KENZ,リープレス4号3cm×20m,リープレス,0,1620,箱,箱,2,,,true
80,P-0063,不明,BCGワクチン,ビーシージーワクチン,0,6500,V,V,1,,,true
81,P-0064,武田薬品,麻疹・風疹混合ワクチン,マシンフウシンコンゴウワクチン,0,6050,V,V,1,,ＭＲ ミールビック,true
82,P-0065,第一三共,ヒブワクチン,ヒブワクチン,0,4402,V,V,1,,アクトヒブ,true
83,P-0066,アステラス,インフルワクチン,インフルワクチン,0,2800,V,V,2,,,true
84,P-0067,武田薬品,ムンプスワクチン,ムンプスワクチン,1,2820,V,V,1,,おたふく,true
85,P-0068,MSD,肺炎球菌ワクチン ニューモバックス,ハイエンキュウキンワクチン,4,4304,V,V,1,,ニューモバックス,true
86,P-0069,扶桑,アクチット500 20袋,アクチット,0,6200,箱,箱,3,,,true
87,P-0070,大塚製薬,KN補液MG3号500ml 20袋,ケイエヌホエキ,1,4472,箱,箱,3,,,true
88,P-0071,不明,イソプロピルアルコール,イソプロピルアルコール,0,4090,箱,箱,4,,,true
89,P-0072,扶桑薬品,キシリト－ル20%20ml 50A,キシリト－ル,1,4539,箱,箱,4,,,true
90,P-0072,扶桑薬品,キシリトール5%200ml 20袋,キシリト－ル,0,4105,箱,箱,4,,,true
91,P-0073,日医工,グリセリン浣腸液50% 120ml 10個,グリセリンカンチョウエキ,0,979,箱,箱,4,,,true
92,P-0073,日医工,グリセリン浣腸液50% 60ml 10個,グリセリンカンチョウエキ,1,1129,箱,箱,4,,,true
93,P-0074,カクイ,脱脂綿4号 1kg,ダッシメン,0,2050,1kg,1kg,4,,,true
94,P-0075,丸石製薬,ヂアミトール消毒液10w/v% 500ml,ヂアミトールショウドクエキ,3,486,本,本,4,,,true
95,P-0076,日本臓器,ノイロトロピン3.6単位3ml 200A,ノイロトロピン,1,28909,箱,箱,4,,,true
96,P-0077,ベーリンガーインゲルハイム,ブスコパン注20mg1ml 50A,ブスコパン,1,2657,箱,箱,4,,,true
97,P-0078,日本化薬,ベンゼットラブ消毒液0.2%,ベンゼットラブショウドクエキ,0,1900,本,本,4,,,true
98,P-0079,高田製薬,ポララミン注5mg1ml 10A,ポララミン,1,536,箱,箱,4,,,true
99,P-0080,丸石製薬,マスキン液 500ml,マスキンエキ,1,486,本,本,4,,,true
100,P-0081,ケミックス,20%ブドウ糖注「CMX」 20ml×60A,ブドウトウチュウ,7,5454,箱,箱,4,,R８年3月までは3310円,true
101,P-0082,日新薬品,重ｿｰ注7% 50A,ジュウソーチュウ,4,4545,箱,箱,2,,,true
102,P-0083,沢井薬品,ピペラシリンNa注射用2g 10V,ピペラシリン,2,5263,箱,箱,6,,旧ペンマリン,true
103,P-0084,沢井薬品,エルカトニン注10 10A,エルカトニン,0,560,箱,箱,6,,旧ポセビン,true
104,P-0085,ニプロ,シリンジ1ml26G×1/2ﾂﾍﾞﾙｸﾘﾝ 100本,シリンジ,2,2133,箱,箱,1,,,true
105,P-0086,不明,投薬瓶B型30ml 200本 1袋25入,トウヤクビンビーガタ,0,5320,箱,箱,11,,非滅菌,true
106,P-0087,ボストンサイエンティフィック,ジャンボ鉗子 RadialJaw4 5本入,ジャンボカンシ,0,22500,本,5本,10,,,true
107,P-0088,オリンパス,高周波スネア 10本入 SD-210U-10,コウシュウハスネア,29,20400,本,10本,32,,SD-210U-10,true
108,P-0089,マッキンリー,キュービテナー10L×2袋入り,キュウビテナー,4,22000,袋,2袋,7,,アクア水,true
109,P-0090,富士フィルム,エコー記録紙 ECP-309 10巻,エコーキロクシ,1,22000,巻,10巻,7,,,true
110,P-0091,オカモト,エコソフトグローブ L 100枚入 パウダー付,エコソフトグローブ,10,325,箱,箱,32,,１ケース２０箱,true
111,P-0092,ＴＯＰ,吸引カテーテル14fr 40cm,キュウインカテーテル,2,43,本,本,11,,14404,true
112,P-0093,フクダ電子,心電図記録紙 OP222TE 1箱,シンデンズキロクシ,4,768,箱,箱,33,,,true
113,P-0094,不明,シーエムガーゼ25cm×25cm 4ﾂ折,シーエムガーゼ,2,450,箱,箱,7,,,true
114,P-0095,TOP,シリンジ 10ml 100本,シリンジ,4,1270,箱,箱,7,,,true
115,P-0095,TOP,シリンジ 2.5ml 100本,シリンジ,7,780,箱,箱,7,,,true
116,P-0095,TOP,シリンジ 20ml 50本,シリンジ,5,780,箱,箱,7,,,true
117,P-0095,TOP,シリンジ 50ml 25本,シリンジ,0,775,箱,箱,7,,,true
118,P-0096,TOP,注射針 18G (1･1/2) 100本,チュウシャシン,2,380,箱,箱,7,,,true
119,P-0096,TOP,注射針 22G (1･1/4) 100本,チュウシャシン,4,380,箱,箱,7,,,true
120,P-0096,TOP,注射針 23G (1) 100本,チュウシャシン,5,380,箱,箱,7,,,true
121,P-0096,TOP,注射針 26G (1/2) 100本,チュウシャシン,1,250,箱,箱,7,,,true
122,P-0097,TOP,輸液セット TIS2-528-23G 50入,ユエキセット,7,3140,箱,箱,7,,,true
123,P-0098,TOP,翼状針 23G 19mm 50入,ヨクジョウシン,9,1040,箱,箱,7,,,true
124,P-0099,不明,エコクラブペーパータオル 30入,エコクラブペーパータオル,0,2400,個,30個,7,,,true
125,P-0100,オリンパス,エンドフレッシュS 3.8Lボトル,エンドフレッシュ,2,6825,本,本,32,,HZ00068,true
126,P-0101,サラヤ,エンドルブリL 150g 10本,エンドルブリ,10,6375,本,10本,32,,,true
127,P-0102,カイゲン,クリーントップフィルター Ⅰ,クリ－ントップフィルター,0,1025,個,個,32,,,true
128,P-0103,不明,シリコンオイル,シリコンオイル,0,475,個,,8,,,true
129,P-0104,オリンパス,スティンミルク S-200,スティンミルク,0,5460,本,本,32,,潤滑・防錆剤 HZ00066,true
130,P-0105,旭化成,ハイゼ スコープワイパー 100枚,ハイゼスコープワイパー,3,1250,箱,箱,7,,2020.02.26 横尾から変更,true
131,P-0106,杉浦研究所,ＳＬクリーナー 10ml,レンズクリ－ナ－,1,600,本,本,32,,レンズクリ－ナ－,true
132,P-0107,カイゲン,電解促進剤 WM-SⅡ,デンカイソクシンザイ,0,7400,箱,箱,32,,富士フィルム 6500円,true
133,P-0108,カイゲン,クリーントップ タンククリーナー 4本入,クリーントップ タンククリーナー,0,4950,箱,箱,32,,,true
134,P-0109,カイゲン,クリーントップフィルター Ⅱ,クリーントップフィルター,0,1625,個,個,32,,,true
135,P-0110,不明,紙コップ5オンス 100個 飲料用,カミコップ,5,338,袋,袋,13,,,true
136,P-0111,ワンステップ,トイレットペーパー 12ロール,トイレットペーパー,3,372,袋,袋,14,,,true
137,P-0112,かしわ堂,カルシウムせんべい,カルシウムセンベイ,0,211,袋,袋,18,,,true
138,P-0113,ワットマン,ろ紙,ロシ,1,699,箱,箱,19,,,true
139,P-0114,Ci,リセラマスクⅡ ホワイト,リセラマスク,4,298,箱,箱,17,,,true
140,P-0115,オリンパス,スコープチャンネル掃除用ブラシ,スコープチャンネルソウジヨウブラシ,3,3960,本,本,32,,BW-20T ﾒｲﾜ4150円,true
141,P-0116,オリンパス,吸引ボタン 40用 オリンパス,キュウインボタン,0,4600,個,個,10,,MH-443,true
142,P-0117,オリンパス,副送水チューブ オリンパス,フクソウスイチューブ,0,9500,本,本,10,,MAJ-855,true
143,P-0118,オリンパス,鉗子栓 10個入 オリンパス,カンシセン,0,1100,袋,袋,10,,MB-358,true
144,P-0119,オリンパス,防水キャップ用チェーン オリンパス,ボウスイキャップヨウチェーン,0,2000,個,個,10,,MAJ-1119,true
145,P-0120,不明,胃内視鏡エプロン 100枚,イナイシキョウエプロン,0,19800,袋,8袋,8,,,true
146,P-0121,オリンパス,チャンネル開口部掃除用ブラシ オリ,カンシカイコウブセンジョウヨウブラシ,3,990,本,本,32,,MH-507,true
147,P-0122,リコー,リコーIPSIO4500 ドラム,リコーイプシオドラム,0,8100,個,個,15,,ﾆﾝｼﾞﾆｱ8740円,true
148,P-0123,リコー,リコーIPSIO4500H トナー リサイクル,リコーイプシオトナーリサイクル,0,4960,個,個,16,,ｾｷｭﾘﾃｨｰ9800円,true
149,P-0124,不明,コピー用紙 A4,コピーヨウシ,4,3882,冊,10冊,12,,,true
150,P-0124,不明,コピー用紙 A3,コピーヨウシ,4,2128,冊,冊,12,,,true
151,P-0124,不明,コピー用紙 B4,コピーヨウシ,1,726,冊,冊,12,,,true
152,P-0124,不明,コピー用紙 B5,コピーヨウシ,7,3264,冊,10冊,12,,,true
153,P-0125,イワツキ,メディカルシーツN #5850R,メディカルシーツエヌ,2,2600,箱,箱,12,,大腸検査用,true
154,P-0126,イワツキ,Eタイ S 10巻入,イータイ,1,580,箱,箱,12,,包帯,true
155,P-0127,リセラ,検査用ﾃﾞｨｽﾎﾟﾊﾟﾝﾂ ﾌﾘｰｻｲｽﾞ 50入,ケンサヨウディスポパンツ,1,3900,箱,箱,17,,,true
156,P-0128,ﾌｧｰｽﾄﾚｲﾄ,検査用カップ205ml 100個入,ケンサヨウカップ,1,547,箱,箱,12,,FR-222,true
158,P-0129,健栄製薬,中性緩衝ホルマリン水20 500ml,チュウセイカンショウホルマリンスイ,1,494,本,本,2,,,true
159,P-0130,KENZ,注射パッド Sｻｲｽﾞ 25個×40袋,チュウシャパッド,0,2000,箱,箱,2,,,true
161,P-0131,サラヤ,弱酸性ハンドソープ ポンプ付,ジャクサンセイハンドソープ,3,720,本,本,2,,,true
162,P-0132,アスクル,レジロール 幅58×外径80ｍｍ 5巻,レジロール,1,1419,袋,袋,12,,,true
163,P-0133,リコー,リコーIPSIO4500H トナー 新品,リコーイプシオトナーシンピン,1,16500,個,個,15,,純正品ではないが新品,true
165,P-0134,吉屋印刷,領収書（B5） 1000枚,リョウシュウショ,7,2450,冊,10冊,30,,,true
166,P-0135,新生社印刷,カルテ表紙 500枚,カルテヒョウシ,3,7250,冊,冊,20,,薬アレルギー,true
167,P-0136,新生社印刷,診療録 500枚,シンリョウロク,3,2350,冊,冊,30,,,true
168,P-0137,新生社印刷,病名欄 500枚,ビョウメイラン,6,2350,冊,冊,30,,,true
169,P-0138,新生社印刷,2号用紙 500枚,ニゴウヨウシ,29,2590,冊,冊,30,,,true
170,P-0139,新生社印刷,会計欄 500枚,カイケイラン,2,5500,冊,冊,20,,診療の点数等,true
171,P-0140,新生社印刷,紙のみ（採血結果貼付用） 750枚,ムジサイケツケッカチョウフヨウ,5,7050,冊,4冊,30,,台紙,true
172,P-0141,八幡浜紙業,ソフト蝶花篭,ソフトチョウハナカゴ,2,323,袋,袋,12,,便所紙,true
173,P-0142,伊藤園,ミネラルウォーター 日本の水 6本入り1箱,ミネラルウォーターニホンノミズ,0,648,箱,箱,12,,1箱6本,true
174,P-0143,不明,ラミネートパウチフィルム A4,ラミネートパウチフィルム,0,1200,箱,箱,15,,,true
175,P-0144,アスクル,グルースティックのり,グルースティックノリ,0,3019,箱,箱,12,,1箱20本,true
176,P-0145,新生社印刷,封筒 長形4号 ウグイス,フウトウチョウケイウグイス,1,3500,箱,500枚,20,,,true
177,P-0145,新生社印刷,封筒 長形3号 ウグイス,フウトウチョウケイウグイス,1,9500,箱,箱,30,,,true
178,P-0146,新生社印刷,封筒 角2号 ウグイス,フウトウカクウグイス,0,5000,箱,500枚,20,,,true
179,P-0147,ＡＧＦ,烏龍茶 60g 1箱10袋入,ウーロンチャ,0,11000,箱,2箱,21,,,true
180,P-0148,ＡＧＦ,煎茶 60g 1箱10袋入,センチャ,0,13000,箱,2箱,21,,,true
184,P-0149,BML,スピッツ 生化学 9ml 100本,スピッツセイカガク,1,1100,箱,箱,23,,納品書名はｵｰﾄｾｯﾌﾟ B-1,true
185,P-0150,BML,スピッツ 末血 100本,スピッツマッショウケツエキマッケツ,1,1000,箱,箱,23,,納品書名は血算,true
186,P-0151,BML,スピッツ 糖 100本,スピッツトウ,0,1000,箱,箱,23,,管理 B-9 血糖用,true
187,P-0152,BML,ベノジェクトⅡ ルアーアダプターS,ベノジェクトルアーアダプター,1,1000,箱,箱,23,,,true
188,P-0153,BML,ベノジェクトⅡ 採血針 22G 100本,ベノジェクトサイケツシン,0,1000,箱,箱,23,,,true
189,P-0154,医師会,スピッツ 生化学 100本,スピッツセイカガク,0,0,箱,箱,24,,,true
190,P-0155,医師会,スピッツ 糖 100本,スピッツトウ,0,0,箱,箱,24,,,true
191,P-0156,医師会,スピッツ 末血 100本,スピッツマッショウケツエキマッケツ,0,0,箱,箱,24,,,true
192,P-0157,アスクル,ティッシュペーパー 5箱入,ボックスティッシュ,4,3106,パック,12ﾊﾟｯｸ,12,,1ﾊﾟｯｸ(5箱入)単位でカウント,true
193,P-0158,オリンパス,送気・送水ボタン オリンパス,ソウキソウスイボタン,0,5400,個,個,32,,MH-438,true
194,P-0159,オリンパス,AWチャンネル洗浄アダプター オリンパス,チャンネルセンジョウアダプター,0,4700,個,個,10,,MH-948,true
195,P-0160,オリンパス,副送水口キャップ オリンパス,フクソウスイコウキャップ,1,1450,個,個,10,,MAJ-215,true
196,P-0161,不明,吸引シリンダー洗浄補助具,キュウインシリンダーセンジョウホジョグ,0,500,個,個,10,,,true
197,P-0162,オリンパス,防水キャップ オリンパス,ボウスイキャップ,0,11000,個,個,10,,MH-553,true
198,P-0163,オリンパス,管路プラグ オリンパス,カンロプラグ,0,3600,個,個,32,,MH-944,true
199,P-0164,オリンパス,CF用先端フード オリンパス,シーエフヨウセンタンフード,0,9150,個,5個,10,,MAJ-1990,true
200,P-0165,オリンパス,マウスピース 大（白） オリンパス,マウスピースダイシロ,3,510,個,個,10,,MA-392,true
201,P-0166,オリンパス,マウスピース 小 オリンパス,マウスピースショウ,3,510,個,個,10,,MA-474,true
202,P-0167,医師会,スピッツ ＢＮＰ（黄色）,スピッツビーエヌピー,0,0,本,本,24,,,true
203,P-0168,医師会,スピッツ プロトロンビン,スピッツ プロトロンビン,0,0,本,本,24,,,true
204,P-0169,医師会,スピッツ HCV（RNA）,スピッツエッチシーブイアールエヌエー,0,0,本,本,24,,,true
206,P-0170,医師会,スピッツ HANP（グルカゴン）,スピッツハンプグルカゴン,0,0,本,本,24,,,true
208,P-0171,医師会,スピッツ アンモニア,スピッツ アンモニア,0,0,本,本,24,,,true
216,P-0172,BML,スピッツ 薬剤,スピッツヤクザイ,2,0,本,本,23,,管理B-3 LE細胞10ml,true
217,P-0173,BML,スピッツ HANP EDTA管 B5,スピッツレニンハンプ,2,0,本,本,23,,納品書名はEDTA管 B-5,true
218,P-0174,BML,スピッツ ＢＮＰ・レニン ７ｍｌ 100本,スピッツビーエヌピー,1,1300,箱,箱,23,,ﾚﾆﾝ活性 VP-NA070K,true
219,P-0175,BML,スピッツ HCV/RNA,スピッツエッチシーブイ,2,14,本,本,23,,B-32 ｲﾝｾﾊﾟｯｸ,true
220,P-0176,BML,スピッツ HCV・HBV DNA ﾀｯｸﾏﾝ,スピッツエッチシーブイエッチビーブイディーエヌエータックマン,2,16,本,本,23,,B-28 ｲﾝｾﾊﾟｯｸ,true
221,P-0177,BML,スピッツ プロトロンビン,スピッツ プロトロンビン,2,0,本,本,23,,NP-CW0185-1 ｸｴﾝ酸Na3.2% 1.8ml,true
222,P-0178,BML,スピッツ 血液型,スピッツケツエキガタ,3,11,本,本,23,,B-5,true
223,P-0179,BML,容器 喀痰,ヨウキカクタン,2,0,本,本,23,,,true
224,P-0180,BML,スピッツ 検尿,スピッツケンニョウ,11,0,本,本,23,,納品書名は Kﾚｼﾞﾝﾁｭｰﾌﾞ,true
225,P-0181,BML,検便容器 培養（ｻﾙﾓﾈﾗ・O-157）,ケンベンヨウキバイヨウサルモネラ,0,0,本,本,23,,F-7 E-ｷｬﾅﾙ採便容器,true
227,P-0182,BML,検便容器 ノロウィルス,ケンベンヨウキノロウィルス,9,0,本,本,23,,BMLはノロと潜血同容器,true
228,P-0183,アスクル,コピー用紙 A3 緑,コピーヨウシ,0,1310,冊,冊,12,,,true
229,P-0184,ライオン,洗濯用洗剤 5kg,センタクヨウセンザイ,0,1934,袋,2袋,12,,,true
230,P-0185,マクセル,CD-R 50枚入,シーディーアール,0,2100,巻,巻,12,,,true
231,P-0186,不明,EKGパッド（内視鏡室用）,イーケージーパッドナイシキョウシツヨウ,0,0,個,個,7,,購入先要確認,true
232,P-0187,不明,送水タンク,ソウスイタンク,0,0,本,本,10,,,true
234,P-0188,不明,ワソラン 5mg 10A,ワソラン,1,2013,箱,箱,1,,,true
235,P-0189,BML,ベノジェクト Ⅱホルダー,ベノジェクトホルダー,0,1000,袋,袋,23,,,true
236,P-0190,メディキット,スーパーキャス Ztu-V 20G 1･1/4 100本入,スーパーキャス,0,92,本,本,7,,留置針,true
237,P-0190,メディキット,スーパーキャス Ztu-V 18G 1･1/4,スーパーキャス,0,132,本,本,11,,留置針,true
238,P-0190,メディキット,スーパーキャス Ztu-V 22G 1inch,スーパーキャス,0,92,本,本,7,,留置針,true
239,P-0191,大日本製薬,塩酸モルヒネ錠,エンサンモルヒネジョウ,95,0,錠,100錠,34,,,true
240,P-0192,タケダ薬品,塩酸モルヒネ注,エンサンモルヒネチュウ,8,0,A,10A,34,,,true
241,P-0193,MMI,酸素延長チューブ 20入,サンソエンチョウチューブ,1,286,本,本,11,,,true
242,P-0194,不明,血圧計 カフ,ケツアツケイカフ,0,1350,枚,枚,7,,,true
243,P-0195,TOP,エックステンションチューブ（三方活栓付）,エクステンションチューブサンポウカッセンツキ,0,3000,箱,箱,11,,LX2-FL50,true
244,P-0196,TOP,三方活栓,サンポウカッセン,0,1500,個,個,34,,,true
245,P-0197,医師会,呼気テスト採取パック,コキテストサイシュパック,0,0,箱,箱,24,,,true
246,P-0198,不明,血圧計 マンシェット,ケツアツケイマンシェット,2,2340,枚,枚,11,,注文ｺｰﾄﾞ002-275,true
247,P-0199,不明,血圧計 送気球,ケツアツケイソウキキュウ,0,330,個,個,7,,,true
248,P-0200,不明,血圧計 小児用マンシェット,ケツアツケイショウニヨウマンシェット,0,0,枚,枚,7,,,true
249,P-0201,不明,血圧計 ゴム球カバー,ケツアツケイゴムキュウカバー,1,0,枚,枚,7,,,true
250,P-0202,不明,プレパラートボックス,プレパラートボックス,1,1950,個,個,7,,,true
251,P-0203,リバテープ,サージンパッド No.60 6×10cm 50枚,サージンパッド,0,1275,箱,箱,12,,,true
252,P-0204,アルケア,シルキーポア ドレッシング 2号 50枚,シルキーポア ドレッシング,0,1309,箱,箱,17,,,true
253,P-0205,テルモ,サージカルテープ（ﾛｲｺﾎﾟｰﾙ） 25mm×9.2m,サージカルテープロイコポール,0,1211,箱,箱,2,,,true
254,P-0206,スリーエム,ステリストリップ 6×75 3本×50包,ステリストリップ,0,9381,箱,箱,11,,B1551SP,true
255,P-0207,不明,綿球 No.14,メンキュウ,0,0,袋,袋,34,,,true
256,P-0208,オリンパス,マウスピース（大）黄 オリンパス,マウスピースダイキイロ,2,500,個,個,10,,MAJ-674,true
257,P-0209,TOP,マウスピース ｴﾝﾄﾞﾘｰﾀﾞｰ ﾏﾙﾁﾀｲﾌﾟZ,マウスピースエンドリーダーマルチタイプ,0,280,個,個,11,,,true
258,P-0210,ワンステップ,半透明ゴミ袋45L 60冊/箱,ハントウメイゴミブクロ,0,4946,箱,箱,14,,,true
259,P-0211,不明,レジ袋 乳白 30号,レジブクロニュウハク,5,311,袋,袋,12,,CF容器用,true
260,P-0212,Ci,防水フィルムロールⅡ 5cm×10m,ボウスイフィルムロール,2,698,巻,巻,17,,,true
261,P-0212,Ci,防水フィルムロールⅡ 10cm×10m,ボウスイフィルムロール,0,1528,巻,巻,17,,,true
262,P-0213,テルモ,カバーメド（絆創膏） 8cm×5m,カバーメドバンソウコウ,0,1100,巻,巻,7,,,true
263,P-0203,リバテープ,サージンパッド No.100 10×16cm 50枚,サージンパッド,1,1640,箱,箱,2,,KENZ,true
264,P-0214,ボシュロム,コンタクト洗浄液 ソフト用 60ml,コンタクトレンズセンジョウエキ,0,782,本,本,12,,レニュー,true
265,P-0215,アトム,酸素鼻孔カニューラ スタンダード L,サンソビコウカニューラ,7,316,本,本,11,,OX-20 41120,true
266,P-0216,ベクトンディッキンソン,BDインサイト 静脈留置ｶﾃｰﾃﾙ 22G 翼付 50本入,ビーディーインサイトジョウミャクリュウチカテーテル,0,4299,箱,箱,11,,,true
267,P-0216,ベクトンディッキンソン,BDインサイト 静脈留置ｶﾃｰﾃﾙ 24G 翼付,ビーディーインサイトジョウミャクリュウチカテーテル,0,4299,箱,箱,11,,,true
268,P-0217,日本光電,AED使い捨てパッド P-740,エーイーディーツカイステパドル,0,10300,個,個,32,,,true
269,P-0218,ニプロ,ネラトンカテーテル（導尿用）12Fr,ネラトンカテーテルドウニョウヨウ,51,33,本,本,11,,23-422,true
270,P-0218,ニプロ,ネラトンカテーテル（導尿用）14Fr,ネラトンカテーテルドウニョウヨウ,2,33,本,本,11,,23-423,true
271,P-0092,ＴＯＰ,吸引カテーテル12Fr 40cm,キュウインカテーテル,2,43,本,本,11,,14403,true
272,P-0219,KENZ,ゲルソニック L エコージェル 5kg,ゲルソニック,0,7500,箱,箱,2,,エコーゼリー,true
274,P-0220,不明,診察台カバー C-700,シンサツダイカバー,2,6572,枚,枚,11,,真心倶楽部,true
275,P-0221,KENZ,抗菌診察台カバー,コウキンシンサツダイカバー,0,8000,枚,枚,2,,,true
276,P-0222,不明,ハンドタオル 5枚入 ホテル仕様,ハンドタオル,0,658,袋,袋,12,,枕用,true
277,P-0223,不明,浣腸用防水エプロン,カンチョウヨウボウスイエプロン,0,0,枚,枚,34,,,true
278,P-0224,武田テバ,センノサイド 100錠,センノサイド,1,530,箱,箱,25,,,true
279,P-0225,不明,ついたて用カーテン（小）,ツイタテヨウカーテン,0,0,枚,枚,34,,,true
280,P-0226,キンバリー,ニトリルグローブ ラベンダー 250枚,ニトリルグローブ ラベンダー,0,1300,箱,箱,8,,KC100,true
281,P-0227,不明,ポリエチレンエプロン,ポリエチレンエプロン,0,0,袋,袋,34,,,true
282,P-0228,P＆G,JOY 台所用洗剤 1065ml,ジョイダイドコロヨウセンザイ,1,453,袋,袋,12,,,true
283,P-0229,不明,トイレ消臭スプレー,トイレショウシュウスプレー,3,440,本,本,12,,,true
284,P-0230,不明,歯ブラシ 20本入,ハブラシ,0,720,箱,箱,12,,,true
285,P-0231,エリエール,オムツ アテントL 17枚入,オムツ アテント,0,1520,袋,袋,12,,,true
286,P-0232,ユニチャーム,オムツ ライフリーＬ 22枚入,オムツ ライフリー,0,1415,袋,袋,12,,,true
287,P-0233,武田テバ,スクリット用ボトル,スクリットヨウボトル,0,350,本,本,2,,,true
288,P-0234,不明,ホワイトボード用イレーザー 詰め替え用,ホワイトボードヨウイレーザー,1,167,個,個,12,,,true
289,P-0235,不明,洗濯機糸くずクリーナー,センタクキイトクズクリーナー,0,647,個,個,18,,,true
290,P-0236,オリンパス,生検鉗子（ＧＦ） オリンパス,セイケンカンシジーエフ,3,24900,本,本,32,,FB-21K-1,true
291,P-0237,オリンパス,生検鉗子（ＣＦ） オリンパス,セイケンカンシシーエフ,4,29500,本,本,32,,FB-24Q-1,true
292,P-0238,ナガイレーベン,検査着（Ｍ） ブル－6 SKP375,ケンサギエム,2,4158,枚,枚,34,,nurse-wear.com,true
293,P-0239,ナガイレーベン,検査着（Ｌ） ブル－6 SKP375,ケンサギエル,1,4158,枚,枚,34,,nurse-wear.com,true
296,P-0240,アスクル,トイレのおそうじシート オレンジ,トイレノオソウジシートオレンジ,0,3491,箱,箱,12,,1箱24個入,true
297,P-0241,アスクル,トイレのおそうじシート ローズ,トイレノオソウジシートローズ,0,3491,箱,箱,12,,1箱24個入,true
298,P-0242,アステラス製薬,プリンペラン錠,プリンペランジョウ,0,670,箱,箱,25,,以前はアトルで仕入,true
300,P-0243,KENZ,注射OTプラスト 500枚入,チュウシャオーティープラスト,1,6000,箱,箱,2,,1袋25個入,true
302,P-0244,新生社印刷,パンフレット（病院案内）,パンフレットビョウインアンナイ,0,130000,枚,1000枚,20,,,true
303,P-0245,白十時,エタワイパー（ボトル）,ジョキンデキルアルコールタオル,0,571,個,個,1,,,true
304,P-0246,吉屋印刷,封筒 角5号 白 500枚,フウトウカクゴゴウシロ,2,22000,箱,2000枚,30,,,true
305,P-0247,コクヨ,フラットファイルV A4,フラットファイル,14,560,冊,10冊,12,,紙ファイル,true
306,P-0085,ニプロ,シリンジ 2.5ml 100本,シリンジ,0,550,箱,箱,8,,,true
307,P-0085,ニプロ,シリンジ 10ml ECT 100本,シリンジ,0,900,箱,箱,8,,,true
308,P-0085,ニプロ,シリンジ 20ml 50本,シリンジ,0,780,箱,箱,8,,,true
309,P-0248,ニプロ,シリンジ 50ml ルアー 25本,シリンジルアー,0,775,箱,箱,8,,,true
310,P-0249,ニプロ,フローマックス 注射針 18G (1･1/2),フローマックスチュウシャシン,0,200,箱,箱,8,,100本入,true
311,P-0249,ニプロ,フローマックス 注射針 22G (1･1/4),フローマックスチュウシャシン,0,200,箱,箱,8,,100本入,true
312,P-0249,ニプロ,フローマックス 注射針 23G (1),フローマックスチュウシャシン,0,200,箱,箱,8,,100本入,true
313,P-0249,ニプロ,フローマックス 注射針 26G (1/2),フローマックスチュウシャシン,0,200,箱,箱,8,,100本入,true
314,P-0250,大塚製薬,硫酸Mg補正液 1MEQ/ML 20ml 10A,リュウサンマグネシウムホセイエキ,0,861,箱,箱,1,,,true
315,P-0251,鹿児島熔材,医療用酸素ボンベ 1.5 m³,イリョウヨウサンソボンベ,0,3000,本,本,27,,,true
316,P-0251,鹿児島熔材,医療用酸素ボンベ 0.5 m³,イリョウヨウサンソボンベ,1,1000,本,本,27,,,true
317,P-0252,ミツエイ,クリームクレンザー ジフ 3本セット,クリームクレンザーホワイト,5,191,本,3本,12,,,true
318,P-0253,オーエ,ハードスポンジ 7個入,ダイドコロヨウスポンジ,2,200,袋,袋,12,,,true
319,P-0254,花王,キッチンハイター 5kg,キッチンハイター,0,1491,本,本,12,,,true
320,P-0254,花王,キッチンハイター 600ml,キッチンハイター,0,169,本,本,12,,,true
321,P-0255,新生社印刷,サバイバルカード,サバイバルカード,0,56800,枚,2000枚,20,,,true
322,P-0256,大成薬品,精製水,セイセイスイ,1,3529,箱,箱,1,,,true
323,P-0257,武田薬品,肺炎球菌ワクチン プレベナー20,ショウニヨウハイエンキュウキンワクチン,0,7200,Ｖ,Ｖ,1,,,true
325,P-0258,ジョンソン,パイプユニッシュ,パイプユニッシュ,2,386,本,本,12,,,true
326,P-0259,テンダイ,ライトカラーフェイスタオル,ライトカラーフェイスタオル,2,408,袋,袋,12,,1袋5枚入,true
327,P-0203,リバテープ,サージンパッド No.50 5×8cm 50枚,サージンパッド,0,1020,箱,箱,12,,,true
328,P-0260,大塚製薬,クイックナビ ノロ２,クイックナビ ノロ２,0,12000,個,10個,1,,,true
329,P-0261,アスクル,クリアーホルダーA4,クリアーホルダーA4,6,432,冊,冊,12,,,true
330,P-0262,アズワン,交換用マンセッタゴム袋,コウカンヨウマンセッタゴムブクロ,0,500,個,1個,7,,,true
332,P-0263,ジャノメ,インプリンターH710 インクローラー,インプリンターH710 インクローラー,1,3917,袋,袋,12,,,true
333,P-0264,大王製紙,除菌できるアルコールタオル,ジョキンデキルアルコールタオルツメカエヨウ,2,418,個,個,12,,,true
334,P-0265,ハピラ,カルテホルダー 50枚入,カルテホルダー,0,4998,袋,袋,19,,KHMU50,true
335,P-0266,医師会,スピッツ レニン活性,スピッツレニンカッセイ,0,0,本,本,24,,,true
338,P-0267,ADSCOPE,ADソフトイヤーチップ グレー 大,ADソフトイヤーチップ グレーダイ,0,1100,個,個,28,,602-10,true
340,P-0268,アステラス,四種混合ワクチン,ヨンシュコンゴウワクチン,0,6500,V,V,1,,クアトロバック,true
341,P-0269,KENZ,リープレス1号0.5cm×20m,リープレスイチゴウ,0,2160,箱,箱,2,,,true
342,P-0270,KENZ,リープレス2号2cm×20m,リープレスニゴウ,0,2160,箱,箱,2,,,true
343,P-0271,KENZ,リープレス5号5cm×20m,リープレスゴゴウ,1,3010,箱,箱,2,,,true
344,P-0272,健栄製薬,オキシドール,オキシドール,0,489,本,本,34,,ドラッグイレブンで購入,true
345,P-0273,DSファーマ,ラピッドエスピー,ラピッドエスピー,0,5500,本,10本,2,,ロタウィルス迅速検査キット,true
346,P-0274,日本衛材,ミケールポア ５号 5cm×10m,ミケールポア,0,2950,箱,箱,7,,1箱6巻,true
348,P-0275,パソラボ,スピッツ BNP,スピッツ ビーエヌピー,2,0,本,本,29,,,true
349,P-0276,パソラボ,スピッツ 血液型,スピッツケツエキガタ,4,0,本,本,29,,,true
350,P-0277,パソラボ,スピッツ 生化学 100本,スピッツセイカガク,1,0,箱,箱,29,,VP-AS109KM60,true
351,P-0278,パソラボ,スピッツ 血糖 100本,スピッツケットウ,1,0,箱,箱,29,,VP-FH072K,true
352,P-0279,パソラボ,スピッツ 末血,スピッツマッケツ,1,0,箱,箱,29,,,true
353,P-0280,扶桑薬品,１０％塩化ナトリウム注射液 10本,エンカナトリウムチュウシャエキ,0,875,箱,箱,2,,,true
354,P-0281,パソラボ,生検容器 50個入,セイケンヨウキ,1,0,袋,袋,29,,,true
355,P-0282,石井ブラシ,スポンジブラシ（木柄）フラスコ用,スポンジブラシフラスコ,1,1125,本,本,12,,,true
356,P-0283,医師会,スピッツ 薬剤 アンモニア,スピッツヤクザイアンモニア,0,0,本,本,24,,,true
357,P-0284,ボシュロム,コンタクト洗浄液 ハード用 120ml,コンタクトセンジョウエキハード,0,848,本,本,12,,ボシュロム,true
359,P-0285,パソラボ,検便容器 便潜血 2日法,ケンベンヨウキ ベンセンケツ,14,0,本,本,29,,,true
360,P-0286,パソラボ,スピッツ 検尿,スピッツケンニョウ,8,0,本,本,29,,,true
361,P-0287,パソラボ,スピッツ プロトロンビン,スピッツプロトロンビン,2,15,本,本,29,,凝固 VP-CA052K,true
362,P-0288,花王,かんたんマイペット業務用4.5L,カンタンマイペットギョウムヨウ,0,1274,本,本,12,,,true
363,P-0289,花王,ガラスマジックリン詰替用350ml,ガラスマジックリンツメカエヨウ,0,145,本,本,12,,,true
367,P-0290,パソラボ,スピッツ HBV・HCV(RNA),スピッツエッチビーブイエッチシーブイアールエヌエー,2,0,本,本,29,,,true
368,P-0291,パソラボ,検便容器（培地なし・一般検査用）白,ケンベンヨウキサイベンヨウキノロヨウ,8,0,本,本,29,,No.52 白 3・5菌種 ノロ定性,true
369,P-0292,パソラボ,検便容器 K 便中卵,ケンベンヨウキベンチュウラン,0,0,本,本,29,,,true
370,P-0293,スリーエム,トランスポアサージカルテープ 12.5mm 透明,トランスポアサージカルテープトウメイ,3,1165,個,個,2,,1箱12巻,true
371,P-0294,パソラボ,呼気テスト採取パック,コキテストサイシュパック,0,0,箱,箱,29,,,true
372,P-0295,アルフレッサ,インジゴカルミン注20mg 10A,インジゴカルミン,0,2227,箱,箱,2,,,true
373,P-0296,BML,呼気採取バッグ,コキサイシュバッグ,0,0,箱,箱,23,,,true
375,P-0297,フクダ電子,心電図モニタ用ディスポ電極 径45mm,シンデンズモニタヨウディスポデンキョク,0,2150,袋,袋,7,,エコーローデⅢ 30入,true
376,P-0298,コンバテック,カルトスタット 5×5cm 10枚入,カルトスタット,0,2367,箱,箱,2,,,true
377,P-0299,花王,ﾊﾝﾄﾞｽｷｯｼｭEX ｱﾙｺｰﾙ消毒液 4.5L,ハンドスキッシュアルコールショウドクエキ,2,2851,本,本,18,,,true
378,P-0300,堀井薬品,マグコロールP 50g 10袋,マグコロールピ－,1,3831,箱,箱,2,,,true
379,P-0301,スミス,カフ付気管内チューブ 6.5mm,カフツキキカンナイチューブ,1,712,本,本,7,,,true
380,P-0301,スミス,カフ付気管内チューブ 7.0mm,カフツキキカンナイチューブ,1,712,本,本,7,,,true
381,P-0301,スミス,カフ付気管内チューブ 7.5mm,カフツキキカンナイチューブ,1,712,本,本,7,,,true
382,P-0302,メドライン,センシケア Sサイズ,センシケアエスサイズ,1,1857,箱,箱,1,,ゴム手袋 青色,true
383,P-0303,メドライン,センシケア XSサイズ,センシケアエックエスサイズ,3,1857,箱,箱,1,,ゴム手袋 青色,true
384,P-0304,パソラボ,スピッツ レニン活性,スピッツレニンカッセイ,2,0,本,本,29,,,true
385,P-0305,パソラボ,スピッツ HANP,スピッツハンプ,0,0,本,本,29,,,true
387,P-0306,タウンズ,イムノエース Flu 10テスト入,イムノエース,0,7941,箱,箱,2,,,true
388,P-0307,三和化学,ファインビジョン INFLUENZA,ファインビジョン インフルエンザ,5,8300,箱,箱,2,,,true
389,P-0308,花王,トイレルック 業務用４L,トイレルックギョウムヨウ,1,1316,本,本,12,,,true
390,P-0058,テルモ,メディセーフフィットチップ ＦＣ０３０,メディセーフチップ,0,2400,箱,箱,1,,"翔薬 2,542円",true
391,P-0056,ベクトンディッキンソン,マイクロファイン 31G×5mm 5袋入,マイクロファイン,3,1227,箱,箱,1,,馬場文子様用,true
393,P-0309,化血研,日本脳炎ワクチン エンセバック,ニホンノウエンワクチンエンセバック,0,3250,Ｖ,Ｖ,1,,,true
394,P-0310,日本新薬,テキサント消毒液 6% 500g,テキサントショウドクエキ,0,192,本,本,1,,,true
395,P-0311,アステラス,B肝ワクチン0.25ml 小児用 ﾋﾞｰﾑｹﾞﾝ,ビーガタカンエンワクチンショウニヨウ,0,1980,Ｖ,Ｖ,1,,ビームゲン,true
396,P-0312,花王,キッチン泡ハイター 400ml,キッチンアワハイター,0,356,本,本,12,,,true
397,P-0313,花王,キッチン泡ハイター 詰替用 400ml,キッチンアワハイターツメカエヨウ,0,247,本,本,12,,,true
398,P-0314,田辺三菱,アドナ注25mg 5ml 10A,アドナチュウ,0,535,箱,箱,2,,,true
400,P-0315,フジフィルム,CF用生検鉗子 針付穴あき型 富士,セイケンカンシハリツキアナアキガタ,1,27000,本,本,9,,BF2418FN,true
401,P-0316,不明,ラミネートパウチフィルム A3,ラミネートパウチ,0,0,箱,,,,,true
402,P-0317,BML,検便容器 便潜血,ケンベンヨウキベンセンケツ,0,0,本,本,,,,true
404,P-0207,不明,綿球 No.7,メンキュウ,8,0,袋,袋,34,,,true
405,P-0318,医師会,スピッツ 血液型,スピッツケツエキガタ,0,0,本,本,24,,,true
406,P-0319,BML,スピッツ HANP 使用なし,スピッツハンプ,2,0,本,本,23,,No.217と同じ,true
408,P-0320,サンメディ,メディカルコットン ４×４ 500g,メディカルコットン,1,1000,箱,箱,4,,,true
409,P-0321,不明,パワークイック酵素系用手洗浄剤中性,コウソケイヨウテアライセンザイ,2,1120,本,本,34,,,true
410,P-0322,Z-Tactical,バスタオル5枚ｾｯﾄ 70×140,バスタオル,0,2780,袋,袋,18,,,true
411,P-0323,丸石製薬,ハイポエタノール液 2％,ハイポエタノール,0,299,１本,１本,1,,,true
412,P-0324,サラヤ,手洗い用石けん液 シャボネットP-5,テアライヨウセッケンエキ,1,2727,本,本,18,,,true
413,P-0325,J＆J,ディスオーパ 3.8Ｌ,ディスオーパ,0,7208,本,本,2,,,true
414,P-0326,村中医療機器,HP滅菌テープ 18mm×50m ｵｰﾄｸﾚｰﾌﾞ,メッキン,1,1100,巻,巻,7,,AE-18,true
415,P-0327,P＆G,アリエール 詰替用 1.62kg,アリエールツメカエヨウ,0,645,本,本,12,,,true
416,P-0328,スリーエム,トランスポアサージカルテープ 25mm ６巻 透明,トランスポア,3,424,巻,巻,2,,,true
417,P-0329,日医工,オーペグ配合内用剤 10袋,オーペグハイゴウナイヨウザイ,0,4934,箱,箱,1,,,true
418,P-0330,メディウィ,メディゼリー ノーマル２５０ｇ,メディゼリー,0,520,本,本,1,,,true
419,P-0331,新鋭工業,シリコンフロートストッパー,シリコンフロートストッパー,1,490,個,個,32,,ミニック D7307-MS2,true
420,P-0332,新鋭工業,シリコンパッキン（ミニックⅡ用）,シリコンパッキン（ミニックⅡ用）,2,980,個,個,32,,,true
421,P-0333,新鋭工業,フィルター（ミニックⅡ用）,フィルター（ミニックⅡ用）,3,1190,個,5個,32,,,true
422,P-0334,オリンパス,回収ネット（滅菌済）楕円形 30mm オリンパス,カイシュウネットメッキンズミダエンケイ,3,29240,本,5本,32,,,true
423,P-0335,アスペン,キシロカイン注 ポリアンプ1％ 5ml 10A,キシロカインチュウポリ,0,526,箱,箱,1,,,true
424,P-0336,Ansell,ガメックス パウダーフリー 7'1/2,ラテックスマイクログリップ,0,5500,箱,箱,7,,滅菌手袋,true
425,P-0337,不明,カラーナンバー見出し,カラーナンバー,0,1058,箱,箱,13,,カルテナンバー,true
426,P-0338,フジフィルム,吸引ボタン 富士,キュウインボタン,3,10200,個,２個,32,,SB-605,true
427,P-0339,フジフィルム,送気・送水ボタン 富士,ソウキソウスイボタン,2,10200,個,個,9,,AW-603,true
428,P-0340,フジフィルム,洗浄アダプター 富士,センジョウアダプター,2,0,個,個,9,,CA-610 洗浄ｱﾀﾞﾌﾟﾀｰｾｯﾄで購入,true
429,P-0341,フジフィルム,管路プラグ 富士,カンロプラグ,2,0,個,個,9,,CA-610 洗浄ｱﾀﾞﾌﾟﾀｰｾｯﾄで購入,true
430,P-0342,フジフィルム,送水コネクター栓 富士,ソウスイコネクターセン,4,0,個,個,9,,CA-610 洗浄ｱﾀﾞﾌﾟﾀｰｾｯﾄで購入,true
431,P-0343,フジフィルム,30ccシリンジ 富士,シリンジ,0,0,本,本,9,,CA-610 洗浄ｱﾀﾞﾌﾟﾀｰｾｯﾄで購入,true
432,P-0344,フジフィルム,鉗子栓 富士 10個入,カンシセン,2,0,袋,袋,9,,FOV-DV7,true
433,P-0345,フジフィルム,マウスピース 富士,マウスピース,4,0,個,個,9,,MPC-ST,true
434,P-0346,フジフィルム,鉗子口洗浄ブラシ 富士,カンシコウセンジョウブラシ,2,0,本,本,9,,WB11003FW,true
435,P-0347,フジフィルム,チャンネル洗浄ブラシ 富士,チャンネルセンジョウブラシ,0,0,本,本,9,,WB7024FW,true
436,P-0348,フジフィルム,A/Wチャンネル洗浄アダプター 富士,チャンネルセンジョウアダプター,1,0,個,個,9,,CA-611,true
437,P-0349,フジフィルム,気密テスター 富士,キミツテスター,0,0,個,個,9,,LT-7F,true
438,P-0350,フジフィルム,送気送水・鉗子口洗浄チューブ 富士,ソウキソウスイカンシコウセンジョウチューブ,0,0,本,本,9,,ESR-000-G7 AW/6#,true
439,P-0351,フジフィルム,漏水検知用チューブ 富士,ロウスイケンチヨウチューブ,0,0,本,本,9,,AER TUBE G5 LEAK#,true
440,P-0352,フジフィルム,Jチューブ 富士,ジェイチューブ,1,0,本,本,9,,AER TUBE G5 WJ,true
441,P-0353,フジフィルム,副送水口用洗浄チューブ 富士,フクソウスイコウヨウセンジョウチューブ,0,0,本,本,9,,ESR-000-LG WJ,true
442,P-0354,カイゲン,クリーントップ密栓,クリーントップミッセン,13,0,個,個,34,,フジフィルム内視鏡洗浄用,true
443,P-0355,フジフィルム,レンズクリーナー 富士,レンズクリーナー,0,0,個,個,9,,SL CLEANER,true
444,P-0356,フジフィルム,ＧＦ用 生検鉗子 穴あき型 富士,セイケンカンシアナアキガタ,1,24300,本,本,9,,BF1818SF,true
445,P-0357,スズケン,スワブパッド（エタノール） 300枚,スワブパッド（エタノール）,0,1582,箱,箱,2,,血糖検査、インスリン用,true
446,P-0358,アズワン,滅菌ロールバッグ 200mm×200m,メッキンロールバッグ,1,5500,巻,巻,7,,プロシェア,true
447,P-0359,フクダ電子,ニップローデⅢ（成人用）,ニップローデⅢ,5,6000,箱,箱,33,,TEE-173DN,true
448,P-0360,フクダ電子,エコーパド 胸部用,キョウブヨウ,0,0,箱,箱,33,,OJ-06,true
449,P-0361,フクダ電子,エコーパド 四肢用,シシヨウ,0,0,箱,箱,33,,OJ-09,true
450,P-0362,小林製薬,どでか無香空間 詰替用 1.6kg,ドデカムコウクウカン,1,1178,袋,袋,12,,,true
451,P-0363,ナビス,嘔吐物用凝固剤（100g×10袋）,オウトブツヨウギョウコザイ,2,3850,袋,10袋,34,,商品名ゲロポン,true
452,P-0190,メディキット,スーパーキャス Ztu-V 24G 3/4,スーパーキャス,0,105,本,本,11,,留置針,true
453,P-0364,ロケット石鹸,洗たく槽クリーナー 2個入,センタクソウクリーナー,1,128,本,２本,12,,,true
454,P-0365,KENZ,滅菌舌圧子 100本入,メッキンゼツアツシ,0,530,箱,箱,2,,,true
455,P-0366,花王,マジックリン 除菌プラス業務用4.5L,ジョキンプラスギョウムヨウ,0,1890,本,本,12,,,true
456,P-0367,オリンパス,マウスピース 茶 オリンパス,マウスピースチャ,0,0,個,個,34,,,true
457,P-0368,フジフィルム,ドライケムスライド ＲＳウィルス,ドライケムスライド ＲＳウィルス,0,0,個,個,9,,,true
458,P-0369,フジフィルム,ドライケムスライド マイコプラズマ,ドライケムスライド マイコプラズマ,0,0,個,個,9,,,true
459,P-0370,フジフィルム,ドライケムスライド アデノウィルス,ドライケムスライド アデノウィルス,0,0,個,個,9,,,true
460,P-0371,フジフィルム,ドライケムスライド インフル,ドライケムスライド インフル,0,9500,箱,箱,2,,1箱10本,true
461,P-0372,花王,トイレルック 360ml,トイレルック 360ml,0,0,本,本,34,,,true
462,P-0373,MSD,B肝ワクチン0.5ml 大人用 ﾍﾌﾟﾀﾊﾞｯｸｽ,ビーカンオトナヨウ,0,2235,本,本,1,,シリンジ,true
463,P-0374,花王,キッチン泡ハイター 付替用1000ml,アワハイター,0,513,本,本,12,,,true
464,P-0375,ユニリーバ,ジフレモン,ジフレモン,0,194,本,本,12,,,true
465,P-0376,ミツエイ,液体洗剤 スーパーウォッシュ 4L,エキタイセンザイ,2,1314,本,本,12,,,true
466,P-0377,Ci,バリューマスク ホワイト,バリューマスク ホワイト,11,180,箱,箱,17,,,true
467,P-0378,武田薬品,麻疹ワクチン,マシンワクチン,0,2800,本,本,1,,,true
468,P-0379,ﾌｫﾙﾃｸﾞﾛｳ,ウォーターチューブ 50入,ウォーターチューブ 50入,0,19000,箱,箱,7,,AF-WT,true
469,P-0380,旭化成,テリボン皮下注用56.5 溶解液付,テリボンヒカチュウヨウヨウカイエキツキ,0,9072,本,本,1,,,true
470,P-0381,三和化学,U-テストビジュアル７ 検尿試験紙 100入,ケンニョウシケンシ,1,4645,箱,箱,2,,１００枚入り,true
471,P-0382,パソラボ,検便容器 感染症遺伝子増幅 ノロ定量,ケンベンヨウキイデンシゾウフクノロテイリョウ,2,0,本,本,29,,No.55 透明青ｷｬｯﾌﾟ,true
472,P-0383,スズケン,スワブパッド（イソプロ） 300枚,スワブパッド（イソプロ） 300枚,0,1500,箱,箱,2,,,true
473,P-0384,不明,ラミネートパウチフィルム A3,ラミネートパウチフィルム A3,0,1750,箱,箱,15,,,true
474,P-0385,丸石,ウェルパス手指消毒液0.2%,ウェルパス,0,2250,本,本,4,,,true
475,P-0386,メディウィズ,Ｊマスク,ジェイマスク,1,350,箱,箱,1,,,true
476,P-0387,BML,検便容器 便潜血,ケンベンヨウキ,10,0,本,本,23,,,true
477,P-0388,KENZ,マスク N95,マスクエヌ,20,3150,箱,箱,2,,,true
478,P-0389,キッセイ薬品,ダルベポエチン アルファBS注 120μg,ダルベポエチン,0,8934,本,本,1,,,true
479,P-0386,メディウィズ,Ｊマスク 小さめサイズ,ジェイマスク,0,350,箱,箱,1,,,true
480,P-0390,不明,ポリエチレンエプロン ブルー,ポリエチレンエプロン ブルー,0,454,箱,箱,12,,,true
481,P-0391,不明,ポリエチレンエプロン ホワイト,ポリエチレンエプロン ホワイト,4,454,箱,箱,12,,,true
482,P-0392,不明,ポリエチレンエプロン ピンク,ポリエチレンエプロン ピンク,0,454,箱,箱,12,,,true
483,P-0393,MSD,ガーダシル シリンジ0.5ｍｌ,ガーダシル シリンジ0.5ｍｌ,0,12000,本,本,1,,,true
484,P-0394,ﾕﾆﾊﾞｰｻﾙﾍﾟｰﾊﾟｰ,リビィ ペーパータオル,リビィ ペーパータオル,0,3840,箱,箱,7,,1箱48入,true
485,P-0395,東和薬品,シルデナフィルOD 50mg ﾚﾓﾝ風味,シルデナフィルOD 50mg ﾚﾓﾝ風味,23,7600,個,箱,34,,富士化学工業,true
486,P-0396,富士化学工業,タダラフィル 20mg,タダラフィル 20mg,26,8600,個,箱,34,,富士化学工業,true
488,P-0397,スリーエム,ステリストリップ スキントーン 10袋入,ステリストリップ スキントーン 10袋入,1,2313,箱,箱,2,,以前は医師協同,true
489,P-0398,テラモト,モップ替糸 T40 187ｇ,モップカエイト,2,419,袋,袋,12,,,true
490,P-0054,大塚製薬,ポタコールR 250ml 20袋,ポタコール,0,4564,箱,箱,1,,,true
491,P-0399,富士フィルム,送水タンク WT-603,ソウスイタンク,1,16500,個,個,9,,,true
492,P-0400,不明,フェルラックエプロン,フェルラックエプロン,1,1300,箱,箱,32,,胃内視鏡エプロン,true
493,P-0401,ﾉﾎﾞﾉﾙﾃﾞｨｽｸ,ペンニードルプラス 32G,ペンニードルプラス 32G,1,1272,箱,箱,2,,宮園美喜男様用,true
494,P-0402,ｶﾞﾑｼｬﾀｵﾙ,フェイスタオル １０枚入り ブラウン,フェイスタオル,0,1400,袋,袋,18,,1袋10枚,true
495,P-0403,ファイザー,スルペラゾンキット静注用 １ｇ,スルペラゾン,0,9318,箱,箱,1,,１箱10キット入,true
496,P-0404,ﾗｲﾌｽｷｬﾝｼﾞｬﾊﾟﾝ,ワンタッチペンランセット 30本入,ワンタッチペンランセット,2,353,箱,箱,2,,宮園美喜男様用,true
497,P-0405,ﾗｲﾌｽｷｬﾝｼﾞｬﾊﾟﾝ,LFSクイックセンサー 30枚入,クイックセンサー,2,2753,箱,箱,2,,宮園美喜男様用,true
499,P-0096,ＴＯＰ,注射針 25G×1ｲﾝﾁ RB 100本,チュウシャシン,1,260,箱,箱,7,,ｱﾄﾞﾚﾅﾘﾝ注射用,true
500,P-0406,スズケン,KENZ-尿検査用コップ 80入り,ケンニョウヨウコップ,0,494,箱,箱,2,,,true
501,P-0407,ＴＯＰ,注射針 25G×5/8ｲﾝﾁ RB 100本,チュウシャシン25,0,230,箱,箱,7,,,true
502,P-0408,宇都宮製作所,クインチューブ,クインチューブ,1,440,2m,2m,7,,駆血帯用ゴム,true
504,P-0409,新鋭工業,プラボトル頭部一式（ミニック用）,プラボトルトウブ,1,5400,個,個,32,,,true
505,P-0410,新鋭工業,ボトルホルダー（ミニック用）,ボトルホルダー（ミニックヨウ）,1,4650,個,個,32,,,true
506,P-0411,新鋭工業,1400ｍｌプラ吸引瓶（ミニック用）,プラキュウインビン,1,4050,個,個,32,,,true
507,P-0412,新鋭工業,本体頭部接続ホース黄－黄（ミニック用）,ホンタイトウブセツゾク,1,1280,本,本,32,,,true
508,P-0413,ファイザー,ソル・コーテフ静注用250mg,ソル・コーテフ,0,767,V,V,1,,,true
509,P-0414,第一三共,ボスミン注1mg 0.1％ 10A,ボスミンチュウ,0,855,箱,箱,2,,在庫なし ｱﾄﾞﾚﾅﾘﾝで代用,true
510,P-0415,ＬＴＬファーマ,ガスタ－注射液10mg 5A,ガスタ－チュウシャエキ,0,568,箱,箱,2,,,true
511,P-0416,不明,ドラム式洗濯機カバー XXL,ドラムシキセンタクキカバー,0,1741,個,個,18,,,true
512,P-0417,不明,フタラール消毒液0.55% 3.8㍑,フタラ－ル,5,4670,本,本,1,,,true
513,P-0418,松吉医科,血圧計用ゴム球,ケツアツケイヨウゴムキュウ,2,900,個,個,7,,,true
514,P-0107,カイゲン,電解促進剤 KD-1,デンカイソクシンザイ,5,4950,箱,箱,32,,,true
515,P-0419,カイゲン,排気フィルター KD-1,ハイキフィルター,2,3000,個,個,32,,,true
516,P-0420,カイゲン,アルウォッシュ KD-1 ４本入り,アルウォッシュ,1,11500,箱,箱,32,,,true
517,P-0421,エフスリー,コンファゼリーPRO（高粘度）,コンファゼリープロコウネンド,0,653,本,本,17,,,true
518,P-0422,Ciメディカル,Denカットメン,デンカットメン,0,554,箱,箱,17,,,true
519,P-0423,グラクソスミスクライン,シングリックス筋注用,シングリックスキンチュウヨウ,1,16500,V,V,3,,,true
520,P-0088,オリンパス,高周波スネア 10本入 SD-400U-10,コウシュウハスネア,0,20400,本,10本,32,,R4年2月試供品,true
521,P-0424,オリンパス,ｼﾞｬﾝﾎﾞ鉗子 CF用 鰐口針付 FB-224U,ジャンボカンシシーエフヨウハリツキ,5,22000,本,5本,34,,FB-224U  発注先MVC,true
523,P-0425,オリンパス,ｼﾞｬﾝﾎﾞ鉗子 CF用 標準針無 FB-234U,ジャンボカンシシーエフヨウヒョウジュン,18,22000,本,5本,34,,FB-234U  発注先MVC,true
524,P-0426,アルボース,アルボナース 手指消毒液 1L,アルボナースシュシショウドクエキ,2,2679,本,2本,18,,,true
525,P-0427,メドライン,センシケア Ｍサイズ,センシケアエムサイズ,3,1857,箱,箱,1,,,true
526,P-0428,プラム,カラー駆血帯用ゴム,カラークケツタイヨウゴム,4,400,本,本,11,,,true
527,P-0429,ＴＯＰ,ファインジェット噴霧型 1600mm 5本入,ファインジェットフンムガタ,0,7200,箱,箱,11,,S2016,true
528,P-0429,TOP,ファインジェット噴霧型 2500mm 5本入,ファインジェットフンムガタ,0,7200,箱,箱,11,,S2025,true
529,P-0430,ＪＭＳ,プロポフォール静注1%20ml 5A,プロポフォールジョウチュウ,7,2700,箱,箱,3,,ＦＫ,true
530,P-0095,TOP,シリンジ 5ml 100本,シリンジ,4,1400,箱,箱,7,,,true
531,P-0431,ニプロ,輸液投与セット ISA-200A 50本入,ユエキトウヨセット,2,1832,箱,箱,11,,ISA-200A00Z,true
533,P-0190,メディキット,スーパーキャス5 24G×3/4ｲﾝﾁ 50本,スーパーキャス,1,5000,箱,箱,32,,,true
534,P-0432,ニプロ,サージット 30INT 60×85mm 50枚,サージット,4,3465,箱,箱,32,,,true
535,P-0433,ニプロ,イントロカンセーフティ3 24G×3/4ｲﾝﾁ,イントロカンセーフティ,0,5900,箱,箱,11,,,true
536,P-0434,ＴＯＰ,JMS エキステンションチューブ 50入,ジェイエムエスエキステンションチューブ,0,1840,箱,箱,11,,JV-ND2050LE,true
537,P-0435,TOP,三方活栓（L型コック） L-1,サンポウカッセンエルガタ,3,1696,箱,箱,12,,,true
539,P-0436,TOP,三方活栓付ｴｯｸｽﾃﾝｼｮﾝﾁｭｰﾌﾞ（L型360°三活／長さ50cm／内径2.2mm／内容量2.3mL）,サンポウカッセンツキエックステンションチューブ,0,3029,箱,箱,12,,LX2-50 360,true
540,P-0436,ＴＯＰ,三方活栓付ｴｯｸｽﾃﾝｼｮﾝﾁｭｰﾌ（L型三活／長さ50cm／内径2.2mm／内容量2.3mL）,サンポウカッセンツキエックステンションチューブ,3,3349,箱,箱,11,,LX2-50,true
541,P-0437,テルモ,アセリオ静注液1000mgバッグ 20袋,アセリオジョウチュウエキ,1,6076,箱,箱,1,,,true
542,P-0098,TOP,翼状針 20G×19mm 黄,ヨクジョウシン,0,1100,箱,箱,7,,,true
543,P-0190,メディキット,スーパーキャス5 20G×1・1/4ｲﾝﾁ 50本,スーパーキャス,0,0,本,本,11,,,true
544,P-0190,メディキット,スーパーキャス5 22G× 1ｲﾝﾁ 50本,スーパーキャス,5,0,本,本,11,,,true
545,P-0436,ＴＯＰ,三方活栓付ｴｯｸｽﾃﾝｼｮﾝﾁｭｰﾌﾞ ｸﾘｱ／LX1-FL50 360゜／L型／1.1mm×50cm／0.9ml 20本入,サンポウカッセンツキエックステンションチューブ,3,3984,箱,箱,11,,LX1-FL50 360°,true
547,P-0438,イワキ,ダイビタミックス注 50A,ダイビタミックス,0,2864,箱,箱,1,,,true
548,P-0439,大塚製薬,クイックナビ FLU+COVID19 AG 10ﾃｽﾄ,クイックナビ,0,16470,1箱,1箱,1,,翔薬は18000円,true
549,P-0440,ハクゾウ,ディスポキャップN ブルー,ディスポキャップN ブルー,1,460,１箱,１箱,7,,,true
550,P-0441,ﾌｧｰｽﾄﾚｲﾄ,アイソレーションガウン 100入,アイソレーションガウン 100入,0,12000,箱,箱,11,,,true
551,P-0442,サンド,キシロカインゼリー2％ 30ml×5本,キシロカインゼリー2％ 30ml×5本,0,982,5本,5本,2,,,true
552,P-0443,ＭＳＤ,シルガード９ 筋注シリンジ,シルガード,4,21000,本,本,2,,,true
553,P-0444,ＫＥＮＺ,レジーナ用ブラダー Ｍサイズ,レジーナヨウブラスター,0,1040,個,個,2,,ﾏﾝｼｪｯﾄ内部ｺﾞﾑ袋,true
554,P-0445,リコー,ドラム P500 純正,ドラムP５００,2,14400,個,個,34,,メディカルネットワーク,true
555,P-0446,リコー,トナー P500Ｓ,トナーP500,2,25000,個,個,34,,メディカルネットワーク,true
556,P-0447,ＥＡファーマ,ニフレック配合内用剤（バッグ）,ニフレックハイゴウヨウザイ,3,6531,箱,箱,1,,,true
557,P-0448,大和工場,エアー尺角ガーゼ ４ツ織 ３００枚,エアーシャッカクガーゼ,1,2717,袋,袋,1,,ラキュリーから変更,true
558,P-0449,カイゲン,グルカゴン注射用「ＩＬＳ」,グルカゴンチュウシャヨウ,0,1523,V,V,3,,グルカゴンGの代替,true
559,P-0450,不明,スムースNPVグローブ S,スムースグローブ,5,340,箱,箱,11,,,true
560,P-0451,不明,スムースNPVグローブ M,スムースグロー,14,340,箱,箱,11,,,true
561,P-0452,不明,検査検診用ニトリル手袋 S,ケンサケンシンヨウニトリル,9,560,箱,箱,11,,,true
562,P-0452,不明,検査検診用ニトリル手袋 M,ケンサケンシンヨウニトリル,5,560,箱,箱,11,,,true
563,P-0453,KENZ,F JELLY PLUS ミドル,エフゼリープラス,0,735,本,本,2,,エコーゼリー,true
564,P-0453,KENZ,F JELLY PLUS ミドル 詰替用 2kg,エフゼリープラス,0,3500,袋,袋,2,,エコーゼリー,true
565,P-0454,アトム,酸素フェースマスク スタンダードＭ,サンソフェースマスク,0,410,個,個,11,,,true
566,P-0455,テルモ,ﾒﾃﾞｨｾｰﾌ ﾌｧｲﾝﾀｯﾁﾃﾞｨｽﾎﾟ 0.8mm,メディセーフファインタッチ,2,494,箱,箱,1,,吉國有里明様用,true
567,P-0456,MEIJISEIKA,スルバシリン静注用3g 10V,スルバシリン,1,7897,箱,箱,2,,,true
568,P-0457,カネカ,内視鏡用局注針,ナイシキョウヨウキョクチュウシン,10,0,本,本,9,,,true
569,P-0458,富士フィルム,通気アダプター AD-7,ツウキアダプター,1,0,個,個,9,,,true
570,P-0459,ケンエー,ラビショット 1000ml,ラビショット,0,988,本,本,2,,,true
571,P-0460,アボット,PANBIO COVID19/FLU A&B 10ﾃｽﾄ,パンビオコロナインフル,3,9412,箱,箱,2,,,true
572,P-0461,武田薬品,アリナミンＦ10注 50A,アリナミン,0,2773,箱,箱,1,,,true
573,P-0462,ニチレイバイオ,COVID19-INFLU A+B 抗原ｺﾝﾎﾞ 20入,コロナインフルコウゲン,0,29411,箱,箱,1,,,true
574,P-0463,ｲﾝﾀｰﾒﾄﾞｼﾞｬﾊﾟﾝ,ｵｷｼﾌﾟﾗｲﾑ 中濃度酸素ﾏｽｸ 大人用 ｸﾘｱ,オキシプライム,2,360,個,個,11,,ｺｰﾄﾞ 031-350,true
575,P-0464,積水メディカル,ラピッドテスタ FLU スティックSP,ラピッドテスタ,0,9650,箱,箱,1,,,true
576,P-0465,MSD,小児用肺炎ワクチン バクニュバンス,バクニュバンス,0,7200,本,本,1,,小児用肺炎球菌１５価,true
577,P-0466,田辺三菱,レミケード点滴静注用100,レミケード,4,47400,V,V,1,,,true
578,P-0467,白十時,エタワイパー（詰替）,エタワオパー,0,428,個,個,1,,,true
579,P-0468,アスクル,大人用おむつ うす型M～Lｻｲｽﾞ 16枚,オトナヨウオムツ,0,758,袋,袋,12,,,true
580,P-0469,アドテック,アドテスト SARS-COV-2/FLU,アドテスト,10,15294,箱,箱,1,,,true
581,P-0470,ConvaTec,デュオアクティブET 38×44,デュオアクティブ,0,1790,箱,箱,32,,ETS20,true
582,P-0471,ＢＭＬ,ＨＩＶ１，２抗原抗体,ＨＩＶ１，２抗原抗体,1,18,本,本,23,,バキュナテイナ採血管,true
583,P-0472,ファイザー,コミナティ筋注 ｼﾘﾝｼﾞ 12歳以上用 5本入,コミナティ,0,55000,本,箱,1,,新型コロナワクチン,true
584,P-0473,アステラス,イベニティ皮下注105mgｼﾘﾝｼﾞ 2本入,イベニティ,0,44198,箱,箱,2,,同時に２本使用,true
585,P-0474,ファイザー,ソル・メドロール静注用 125mg 5Ｖ,ソル・メドロール,2,2750,箱,箱,1,,,true
586,P-0474,ファイザー,ソル・メドロール静注用 500mg 5Ｖ,ソル・メドロール,1,7430,箱,箱,1,,,true
587,P-0469,アドテック,アドテスト FLU,アドテスト,1,7294,箱,箱,1,,,true
588,P-0475,サクラ,プチケア ハード・ソフトコンタクト用,プチケア ハード・ソフトコンタクト用,2,915,個,３個,12,,,true
589,P-0476,田辺三菱,テトラビック皮下注シリンジ 0.5ml,テトラビック皮下注シリンジ 0.5ml,0,6600,本,本,1,,四種混合ワクチン,true
590,P-0477,BML,スピッツ アンモニア,スピッツ アンモニア,1,0,本,本,23,,B-14,true
591,P-0478,田辺三菱,破傷風トキソイド,ハショウフウトキソイド,0,979,本,本,2,,,true
592,P-0479,アルボース,アルボナース 手指消毒液 ４L,アルボナースシュシショウドク,0,4800,本,本,11,,,true
593,P-0480,メディキット,スーパーキャス5 18G 50本,スーパーキャス5,4,0,本,本,11,,,true
594,P-0481,ミズホメディー,"クイックチェイサー Flu A,B",クイックチェイサーフルー,0,6600,箱,箱,2,,,true
595,P-0482,花王,ﾊﾝﾄﾞｽｷｯｼｭEX 800ｍｌ,,0,782,本,本,18,,販売元 Re-light,true
596,P-0483,メディキット,スーパーキャス5 22G× 1・1/4ｲﾝﾁ 50本,,0,0,本,本,11,,,true
597,P-0484,田辺,ゴービック シリンジ0.5ｍｌ,,0,14600,本,本,1,,5種混合ワクチン,true
